-- Вставка данных в таблицу "customer"
INSERT INTO auto.customer (customer_id, customer_nm, phone_no, tg_username, email, sail_pct, total_sales)
VALUES
  (1, 'Иванов Иван Иванович', '123456789', 'ivan123', 'ivan@example.com', 10, 5000.00),
  (2, 'Петров Петр Петрович', '987654321', 'petr456', 'petr@example.com', 5, 2000.00),
  (3, 'Сидорова Елена Алексеевна', '555555555', 'elena88', 'elena@example.com', 15, 8000.00),
  (4, 'Смирнов Алексей Викторович', '111222333', 'smirnovalex', 'smirnov@example.com', 0, 100.00),
  (5, 'Козлова Мария Сергеевна', '444444444', 'mariakoz', 'kozlova@example.com', 8, 3500.00),
  (6, 'Васильев Дмитрий Иванович', '777777777', 'dmitryvas', 'vasilyev@example.com', 12, 6000.00),
  (7, 'Николаева Анна Петровна', '222222222', 'anna_nik', 'nikolaeva@example.com', 20, 15000.00),
  (8, 'Соколов Игорь Александрович', '666666666', 'igor_soc', 'sokolov@example.com', 3, 1000.00),
  (9, 'Морозова Екатерина Владимировна', '999999999', 'katya_mor', 'morozova@example.com', 18, 12000.00),
  (10, 'Павлов Артем Сергеевич', '888888888', 'art_pav', 'pavlov@example.com', 6, 2500.00);

-- Вставка данных в таблицу "booking"
INSERT INTO auto.booking (booking_id, client_id, session_dttm)
VALUES
  (1, 1, '2023-05-19 10:00:00'),
  (2, 2, '2023-05-19 11:30:00'),
  (3, 3, '2023-05-19 13:15:00'),
  (4, 4, '2023-05-19 14:45:00'),
  (5, 5, '2023-05-19 16:30:00'),
  (6, 6, '2023-05-20 09:30:00'),
  (7, 7, '2023-05-20 11:00:00'),
  (8, 8, '2023-05-20 12:45:00'),
  (9, 9, '2023-05-20 14:15:00'),
  (10, 10, '2023-05-20 16:00:00'),
  (11, 1, '2023-05-21 10:30:00'),
  (12, 2, '2023-05-21 12:00:00'),
  (13, 3, '2023-05-21 13:45:00'),
  (14, 4, '2023-05-21 15:15:00'),
  (15, 5, '2023-05-21 17:00:00'),
  (16, 6, '2023-05-22 10:15:00'),
  (17, 7, '2023-05-22 11:45:00'),
  (18, 8, '2023-05-22 13:30:00'),
  (19, 9, '2023-05-22 15:00:00'),
  (20, 10, '2023-05-22 16:45:00'),
  (21, 1, '2023-05-23 09:45:00'),
  (22, 2, '2023-05-23 11:15:00'),
  (23, 3, '2023-05-23 13:00:00'),
  (24, 4, '2023-05-23 14:30:00'),
  (25, 5, '2023-05-23 16:15:00'),
  (26, 6, '2023-05-24 10:30:00'),
  (27, 7, '2023-05-24 12:00:00'),
  (28, 8, '2023-05-24 13:45:00'),
  (29, 9, '2023-05-24 15:15:00'),
  (30, 10, '2023-05-24 17:00:00'),
  (31, 1, '2023-05-25 10:00:00'),
  (32, 2, '2023-05-25 11:30:00'),
  (33, 3, '2023-05-25 13:15:00'),
  (34, 4, '2023-05-25 14:45:00'),
  (35, 5, '2023-05-25 16:30:00'),
  (36, 6, '2023-05-26 09:30:00'),
  (37, 7, '2023-05-26 11:00:00'),
  (38, 8, '2023-05-26 12:45:00'),
  (39, 9, '2023-05-26 14:15:00'),
  (40, 10, '2023-05-26 16:00:00'),
  (41, 1, '2023-05-27 10:30:00'),
  (42, 2, '2023-05-27 12:00:00'),
  (43, 3, '2023-05-27 13:45:00'),
  (44, 4, '2023-05-27 15:15:00'),
  (45, 5, '2023-05-27 17:00:00'),
  (46, 6, '2023-05-28 10:15:00'),
  (47, 7, '2023-05-28 11:45:00'),
  (48, 8, '2023-05-28 13:30:00'),
  (49, 9, '2023-05-28 15:00:00'),
  (50, 10, '2023-05-28 16:45:00');

-- Вставка данных в таблицу "sale"
INSERT INTO auto.sale (customer_id, sale_pct, total_sales, history_dttm)
VALUES
  (1, 10, 5000.00, '2023-05-18 09:00:00'),
  (2, 5, 2000.00, '2023-05-18 10:30:00'),
  (3, 15, 8000.00, '2023-05-18 11:45:00'),
  (4, 0, 100.00, '2023-05-18 12:15:00'),
  (5, 8, 3500.00, '2023-05-18 14:00:00'),
  (6, 12, 6000.00, '2023-05-18 15:30:00'),
  (7, 20, 15000.00, '2023-05-18 16:45:00'),
  (8, 3, 1000.00, '2023-05-18 17:30:00'),
  (9, 18, 12000.00, '2023-05-18 18:15:00'),
  (10, 6, 2500.00, '2023-05-18 19:00:00');

-- Вставка данных в таблицу "car"
INSERT INTO auto.car (car_id, customer_id, maker, model, year, reg_no)
VALUES
  (1, 1, 'Toyota', 'Camry', 2018, 'А111АА11'),
  (2, 2, 'Honda', 'Accord', 2019, 'В222ВВ22'),
  (3, 3, 'BMW', 'X5', 2020, 'Е333ЕЕ33'),
  (4, 4, 'Ford', 'Focus', 2017, 'У444УУ44'),
  (5, 5, 'Volkswagen', 'Golf', 2016, 'К555КК55'),
  (6, 6, 'Mercedes-Benz', 'E-Class', 2021, 'Н666НН66'),
  (7, 7, 'Audi', 'A4', 2015, 'М777ММ77'),
  (8, 8, 'Nissan', 'Sentra', 2017, 'О888ОО88'),
  (9, 9, 'Chevrolet', 'Cruze', 2018, 'Р999РР99'),
  (10, 10, 'Hyundai', 'Elantra', 2019, 'Т000ТТ00'),
  (11, 1, 'Toyota', 'Camry', 2018, 'AB123CD'),
  (12, 1, 'Honda', 'Civic', 2016, 'EF456GH'),
  (13, 2, 'Volkswagen', 'Golf', 2015, 'IJ789KL'),
  (14, 3, 'Ford', 'Focus', 2017, 'MN012OP'),
  (15, 3, 'Hyundai', 'Elantra', 2019, 'QR345ST'),
  (16, 4, 'Toyota', 'Corolla', 2014, 'UV678WX'),
  (17, 4, 'Nissan', 'Altima', 2013, 'YZ901AB'),
  (18, 4, 'Honda', 'Accord', 2016, 'CD234EF'),
  (19, 5, 'Chevrolet', 'Cruze', 2015, 'GH567IJ'),
  (20, 6, 'BMW', '3 Series', 2017, 'KL890MN'),
  (21, 7, 'Mercedes-Benz', 'C-Class', 2018, 'OP123QR'),
  (22, 8, 'Audi', 'A4', 2016, 'ST456UV'),
  (23, 8, 'Volkswagen', 'Passat', 2014, 'WX789YZ'),
  (24, 9, 'Toyota', 'RAV4', 2019, 'AB012CD'),
  (25, 9, 'Honda', 'CR-V', 2017, 'EF345GH'),
  (26, 9, 'Ford', 'Escape', 2016, 'IJ678KL'),
  (27, 9, 'Hyundai', 'Tucson', 2015, 'MN901OP'),
  (28, 10, 'Nissan', 'Rogue', 2014, 'QR234ST'),
  (29, 10, 'Chevrolet', 'Equinox', 2013, 'UV567WX'),
  (30, 10, 'BMW', 'X3', 2016, 'YZ890AB'),
  (31, 10, 'Mercedes-Benz', 'GLC', 2018, 'CD012EF'),
  (32, 10, 'Audi', 'Q5', 2017, 'GH345IJ');

-- Вставка данных в таблицу "order"
INSERT INTO auto.order (order_id, car_id, open_dt, close_dt, payment_amt, closed_flg)
VALUES
  (1, 1, '2023-05-18', '2023-05-18', 500.00, true),
  (2, 2, '2023-05-18', '2023-05-19', 800.00, true),
  (3, 3, '2023-05-18', '2023-05-18', 800.00, true),
  (4, 4, '2023-05-19', NULL, 200.00, false),
  (5, 5, '2023-05-19', NULL, 300.00, false),
  (6, 6, '2023-05-19', NULL, 600.00, false),
  (7, 7, '2023-05-20', NULL, 1500.00, false),
  (8, 8, '2023-05-21', NULL, 400.00, false),
  (9, 9, '2023-05-21', NULL, 1000.00, false),
  (10, 10, '2023-05-22', NULL, 700.00, false);

-- Вставка данных в таблицу "details"
INSERT INTO auto.details (detail_id, maker, detail_cnt, price, detail_nm)
VALUES
  (1, 'Bosch', 2, 50.00, 'Свечи зажигания'),
  (2, 'Mann', 1, 30.00, 'Воздушный фильтр'),
  (3, 'Brembo', 2, 100.00, 'Тормозные колодки'),
  (4, 'Hella', 1, 20.00, 'Лампочка передняя'),
  (5, 'Lukoil', 5, 40.00, 'Моторное масло'),
  (6, 'NGK', 4, 60.00, 'Свечи накала'),
  (7, 'Valeo', 2, 70.00, 'Стеклоочиститель'),
  (8, 'Bosch', 1, 25.00, 'Фильтр салона'),
  (10, 'Denso', 2, 40.00, 'Фильтр топливный'),
  (16, 'NGK', 4, 65.00, 'Моторное масло'),
  (21, 'Bosch', 1, 80.00, 'Форсунка топливная'),
  (22, 'Mann', 2, 45.00, 'Фильтр масляный'),
  (27, 'Valeo', 2, 90.00, 'Моторное масло'),
  (28, 'Bosch', 1, 40.00, 'Фильтр топливный'),
  (37, 'Valeo', 2, 100.00, 'Стеклоочиститель фар');

-- Вставка данных в таблицу "details_in_order"
INSERT INTO auto.details_in_order (order_id, detail_id)
VALUES
  (1, 1),
  (1, 2),
  (2, 3),
  (2, 4),
  (3, 5),
  (3, 6),
  (4, 7),
  (4, 8),
  (5, 10);

-- Вставка данных в таблицу "service"
INSERT INTO auto.service (service_id, service_nm, price)
VALUES
  (1, 'Замена масла', 50.00),
  (2, 'Замена свечей зажигания', 20.00),
  (3, 'Замена тормозных колодок', 100.00),
  (4, 'Замена лампочки передней', 10.00),
  (5, 'Замена моторного масла', 40.00),
  (6, 'Замена свечей накала', 30.00),
  (7, 'Замена стеклоочистителя', 15.00),
  (8, 'Замена фильтра салона', 20.00),
  (9, 'Замена трансмиссионного масла', 35.00),
  (10, 'Замена топливного фильтра', 25.00),
  (11, 'Замена ремня ГРМ', 80.00),
  (12, 'Замена антифриза', 60.00),
  (13, 'Диагностика электроники', 70.00),
  (14, 'Развал-схождение', 50.00),
  (15, 'Замена тормозной жидкости', 45.00),
  (16, 'Полировка кузова', 100.00),
  (17, 'Ремонт двери', 90.00),
  (18, 'Замена аккумулятора', 75.00),
  (19, 'Заправка кондиционера', 55.00),
  (21, 'Замена передних тормозных дисков', 120.00),
  (22, 'Замена сальников полуоси', 85.00),
  (23, 'Замена топливного насоса', 150.00),
  (24, 'Ремонт генератора', 180.00),
  (25, 'Замена задних амортизаторов', 95.00),
  (26, 'Замена фильтра воздушного салона', 30.00),
  (27, 'Установка парктроника', 70.00),
  (28, 'Ремонт рулевой рейки', 200.00),
  (29, 'Замена задних тормозных колодок', 80.00),
  (30, 'Замена передних стоек амортизаторов', 140.00);

-- Вставка данных в таблицу "service_in_order"
INSERT INTO auto.service_in_order (order_id, service_id)
VALUES
  (1, 1),
  (1, 2),
  (2, 3),
  (2, 4),
  (3, 5),
  (3, 6),
  (4, 7),
  (4, 8),
  (5, 9),
  (5, 10);
